<?xml version="1.0" encoding="UTF-8"?>
<project-private xmlns="http://www.netbeans.org/ns/project-private/1">
    <editor-bookmarks xmlns="http://www.netbeans.org/ns/editor-bookmarks/2" lastBookmarkId="0"/>
    <open-files xmlns="http://www.netbeans.org/ns/projectui-open-files/2">
        <group>
            <file>file:/C:/Users/ajita/OneDrive/Documents/NetBeansProjects/BookInformationSystem/src/com/BookIs/view/InformationPage.java</file>
            <file>file:/C:/Users/ajita/OneDrive/Documents/NetBeansProjects/BookInformationSystem/src/com/BookIs/view/ContactUs.java</file>
            <file>file:/C:/Users/ajita/OneDrive/Documents/NetBeansProjects/BookInformationSystem/src/com/BookIs/view/HomePage.java</file>
            <file>file:/C:/Users/ajita/OneDrive/Documents/NetBeansProjects/BookInformationSystem/src/com/BookIs/view/ExplorePage.java</file>
            <file>file:/C:/Users/ajita/OneDrive/Documents/NetBeansProjects/BookInformationSystem/src/com/BookIs/view/LoadingPage.java</file>
            <file>file:/C:/Users/ajita/OneDrive/Documents/NetBeansProjects/BookInformationSystem/src/com/BookIs/view/LoginPage.java</file>
            <file>file:/C:/Users/ajita/OneDrive/Documents/NetBeansProjects/BookInformationSystem/src/com/BookIs/controller/ValidationUtil.java</file>
            <file>file:/C:/Users/ajita/OneDrive/Documents/NetBeansProjects/BookInformationSystem/src/com/BookIs/view/AboutUsPage.java</file>
            <file>file:/C:/Users/ajita/OneDrive/Documents/NetBeansProjects/BookInformationSystem/src/com/BookIs/model/Bookmodel.java</file>
        </group>
    </open-files>
</project-private>
